date,winner_return,loser_return,long_short,n_winners,n_losers,winner_cumulative,loser_cumulative,long_short_cumulative
2024-12-06,-1.1978824844305227,-2.2243493684681392,1.0264668840376165,255,255,0.9880211751556948,0.9777565063153186,1.0102646688403762
2024-12-07,0.0,0.0,0.0,255,254,0.9880211751556948,0.9777565063153186,1.0102646688403762
2024-12-08,0.0,0.0,0.0,255,254,0.9880211751556948,0.9777565063153186,1.0102646688403762
2024-12-09,-1.3557891285505221,-7.0138183696778915,5.65802924112737,255,254,0.9746256914751568,0.909178440864654,1.0674257392161433
2024-12-10,6.033002394035065,7.705829634838277,-1.6728272408032119,255,254,1.0334248827747337,0.9792381825943631,1.0495695506751905
2024-12-11,4.1416205084496305,4.9741073054089275,-0.8324867969592971,255,254,1.0762254196591536,1.0279465405721429,1.0408320227409145
2024-12-12,-0.20637787290265783,1.4400838282063753,-1.646461701109033,255,254,1.0740043285304233,1.042749832465529,1.0236951221136068
2024-12-13,2.6008749699024576,1.7614326042403492,0.8394423656621084,256,254,1.10193783828684,1.0611171679952387,1.032288452663845
2024-12-14,0.0,0.0,0.0,255,254,1.10193783828684,1.0611171679952387,1.032288452663845
2024-12-15,0.0,0.0,0.0,255,254,1.10193783828684,1.0611171679952387,1.032288452663845
2024-12-16,-1.2791265147284956,2.233925310717309,-3.5130518254458045,255,254,1.0878426592214872,1.084821732987451,0.9960236243336715
2024-12-17,-1.3419041671627259,-0.38663490089262126,-0.9552692662701046,255,254,1.0732448532452203,1.0806274335552533,0.9865089167656224
2024-12-18,0.3006091715182553,1.4157201785486466,-1.1151110070303913,255,254,1.0764711257069233,1.0959260941870275,0.9755082472494326
2024-12-19,-1.4009372352898195,-1.4227445610271134,0.021807325737293937,255,254,1.0613904408797514,1.0803338652891046,0.9757209795105044
2024-12-20,-2.47641079321765,-3.2581075574074307,0.781696764189781,255,254,1.0351060534436247,1.0451354259788885,0.9833481588348588
2024-12-21,0.0,0.0,0.0,255,254,1.0351060534436247,1.0451354259788885,0.9833481588348588
2024-12-22,0.0,0.0,0.0,255,254,1.0351060534436247,1.0451354259788885,0.9833481588348588
2024-12-23,1.3097333456268347,1.6005099076811806,-0.2907765620543459,255,254,1.0486631825881778,1.0618629220203666,0.9804888128655741
2024-12-24,-1.0536239437503507,-0.40292764540000775,-0.650696298350343,255,254,1.0376142162071342,1.0575843827512943,0.9741088084545186
2024-12-25,0.0,0.0,0.0,255,254,1.0376142162071342,1.0575843827512943,0.9741088084545186
2024-12-26,-0.1434597552897566,-1.1448713597913092,1.0014116045015526,255,254,1.0361256573917117,1.045476402047549,0.983863647102854
2024-12-27,-1.6436490741976277,-1.4360613140409106,-0.2075877601567171,255,254,1.0190953876164688,1.0304627198903173,0.981821266594837
2024-12-28,0.0,0.0,0.0,255,254,1.0190953876164688,1.0304627198903173,0.981821266594837
2024-12-29,0.0,0.0,0.0,255,254,1.0190953876164688,1.0304627198903173,0.981821266594837
2024-12-30,1.3603440494130727,1.4867937661797501,-0.12644971676667738,255,254,1.0329585910797525,1.045783575372453,0.9805797563840729
2024-12-31,0.0,0.0,0.0,255,254,1.0329585910797525,1.045783575372453,0.9805797563840729
2025-01-01,0.0,0.0,0.0,255,254,1.0329585910797525,1.045783575372453,0.9805797563840729
2025-01-02,3.1863086397651346,2.7754020283561815,0.410906611408953,255,254,1.065871839912523,1.0748082739355558,0.9846090234331928
2025-01-03,1.490925880853031,2.1928262520608786,-0.7019003712078475,255,254,1.0817631990305032,1.098376951925737,0.9776980490427691
2025-01-04,0.0,0.0,0.0,255,254,1.0817631990305032,1.098376951925737,0.9776980490427691
2025-01-05,0.0,0.0,0.0,255,254,1.0817631990305032,1.098376951925737,0.9776980490427691
2025-01-06,1.9882001262508233,1.1972603562264275,0.7909397700243959,255,254,1.1032708163193627,1.111527383733072,0.9854310517434011
2025-01-07,-0.34259240857146017,0.35614963550560347,-0.6987420440770636,255,254,1.0994910942566682,1.1154860844587824,0.9785454306694792
2025-01-08,-0.022276602583706135,0.16735046877986412,-0.18962707136357027,255,254,1.0992461649951575,1.1173528556502983,0.9766898436273386
2025-01-09,0.19363518875100902,-0.3629846362603646,0.5566198250113736,255,254,1.1013746923815841,1.1132970364514712,0.982126292925841
2025-01-10,-0.9199781336826487,0.3568735537284024,-1.2768516874110512,255,254,1.091242286041759,1.1172700991490085,0.9695859967821098
2025-01-11,0.0,0.0,0.0,255,254,1.091242286041759,1.1172700991490085,0.9695859967821098
2025-01-12,0.0,0.0,0.0,255,254,1.091242286041759,1.1172700991490085,0.9695859967821098
2025-01-13,-1.7640039779057408,-1.0423615911889699,-0.721642386716771,255,254,1.071992728707393,1.1056241047656403,0.9625890532536597
2025-01-14,0.11877248007774341,0.7173194286617549,-0.5985469485840115,255,254,1.0732659610575317,1.1135549612770919,0.9568275058480062
2025-01-15,-1.216345752690654,-0.3944095396154283,-0.8219362130752257,255,254,1.060211336125134,1.1091629942809542,0.948962994080777
2025-01-16,2.1790997889885926,0.6928307316182405,1.486269057370352,255,254,1.08331439911347,1.1168476163690697,0.9630671374276948
2025-01-17,0.2706833293630444,-0.5533915460690766,0.824074875432121,255,254,1.0862467505964595,1.1106670760776092,0.9710035317407798
2025-01-18,0.0,0.0,0.0,255,255,1.0862467505964595,1.1106670760776092,0.9710035317407798
2025-01-19,0.0,0.0,0.0,255,255,1.0862467505964595,1.1106670760776092,0.9710035317407798
2025-01-20,-0.6201925458422455,-0.12957582493580855,-0.49061672090643693,255,254,1.0795099292198067,1.1092279200514912,0.9662396260534675
2025-01-21,-0.35607684153797947,-0.5228573158559318,0.1667804743179523,255,254,1.0756660443597519,1.1034282407219853,0.9678511250848475
2025-01-22,0.7700474681367465,0.034520175808622426,0.7355272923281241,255,254,1.0839491834999508,1.1038091460906045,0.9749699342589514
2025-01-23,-1.3703877346473032,-1.1889482506757345,-0.18143948397156873,255,254,1.069094876839458,1.0906854265573616,0.973200953841354
2025-01-24,-0.592220026498966,0.7448140189659651,-1.337034045464931,255,254,1.0627634828765402,1.0988090045171794,0.9601889257577055
2025-01-25,0.0,0.0,0.0,255,254,1.0627634828765402,1.0988090045171794,0.9601889257577055
2025-01-26,0.0,0.0,0.0,255,254,1.0627634828765402,1.0988090045171794,0.9601889257577055
2025-01-27,0.0,0.0,0.0,255,254,1.0627634828765402,1.0988090045171794,0.9601889257577055
2025-01-28,0.0,0.0,0.0,255,254,1.0627634828765402,1.0988090045171794,0.9601889257577055
2025-01-29,0.0,0.0,0.0,255,254,1.0627634828765402,1.0988090045171794,0.9601889257577055
2025-01-30,0.0,0.0,0.0,255,254,1.0627634828765402,1.0988090045171794,0.9601889257577055
2025-01-31,-1.7210349338355524,-0.6218611261509664,-1.0991738076845858,255,254,1.0444729520721876,1.0919759384674406,0.9496347805814889
2025-02-01,0.0,0.0,0.0,255,254,1.0444729520721876,1.0919759384674406,0.9496347805814889
2025-02-02,0.0,0.0,0.0,255,254,1.0444729520721876,1.0919759384674406,0.9496347805814889
2025-02-03,-2.5688414024173243,-2.488881395721478,-0.07996000669584635,255,254,1.017642098442307,1.0647979524891695,0.9488754525473498
2025-02-04,1.6734561362387552,2.0998747563489437,-0.4264186201101885,255,254,1.0346718925836385,1.08715737589961,0.9448292709360331
2025-02-05,1.6250107399494738,1.1292800357945085,0.49573070415496523,255,254,1.051485421961361,1.0994344271033119,0.9495130797339064
2025-02-06,0.8791551858046242,1.2582194891636513,-0.3790643033590272,255,254,1.0607296105765138,1.1132677253357004,0.9459138145929102
2025-02-07,-0.12590951396282915,-0.7151354483050136,0.5892259343421845,255,254,1.0593940510793771,1.105306353197286,0.9514873841050171
2025-02-08,0.0,0.0,0.0,255,254,1.0593940510793771,1.105306353197286,0.9514873841050171
2025-02-09,0.0,0.0,0.0,255,254,1.0593940510793771,1.105306353197286,0.9514873841050171
2025-02-10,1.0169093994902816,1.5902928380083123,-0.5733834385180308,255,254,1.0701671287624441,1.1228839609702332,0.9460317130249706
2025-02-11,0.2809456096229945,0.76300218709466,-0.48205657747166547,255,254,1.0731737163263306,1.1314515901509714,0.9414713049273659
2025-02-12,-1.1112161028511458,-0.4678545491381008,-0.643361553713045,255,254,1.0612484371789463,1.1261580424151547,0.9354142405122228
2025-02-13,0.4677861381263855,0.9622894769689975,-0.494503338842612,255,254,1.0662128102591524,1.1369949427513557,0.9307885858608805
2025-02-14,0.15223891614148302,-0.1757259165330239,0.32796483267450693,255,254,1.0678360010852526,1.134996947967272,0.9338412450890525
2025-02-15,0.0,0.0,0.0,255,254,1.0678360010852526,1.134996947967272,0.9338412450890525
2025-02-16,0.0,0.0,0.0,255,254,1.0678360010852526,1.134996947967272,0.9338412450890525
2025-02-17,2.01704145829328,0.8730466249869206,1.1439948333063594,255,254,1.0893746959337234,1.1449060005152047,0.944524340684155
2025-02-18,1.6686725184622189,0.5217989171052423,1.1468736013569765,255,254,1.1075527921078507,1.150880107627766,0.9553568410058526
2025-02-19,-0.8243730350552523,0.8998369290333985,-1.7242099640886508,255,254,1.098422425540712,1.1612361518450998,0.9388844831606271
2025-02-20,-1.6059292138578256,0.18640689960600598,-1.7923361134638316,255,254,1.080782538917388,1.1634007761528584,0.922056517505231
2025-02-21,0.2914691713404818,0.7037106724222552,-0.4122415010817734,255,254,1.0839326868275632,1.1715877515776894,0.9182554178766451
2025-02-22,0.0,0.0,0.0,255,254,1.0839326868275632,1.1715877515776894,0.9182554178766451
2025-02-23,0.0,0.0,0.0,255,254,1.0839326868275632,1.1715877515776894,0.9182554178766451
2025-02-24,-0.9965757939815435,-0.13900303101192393,-0.8575727629696196,255,254,1.073130476047586,1.1699592090920319,0.9103807095184422
2025-02-25,-0.9265107255937075,-0.04042737148987522,-0.8860833541038323,255,254,1.0631878070873901,1.1694862253362923,0.9023139775924269
2025-02-26,-0.13519860130454028,0.43962171901193703,-0.5748203203164773,255,254,1.0617503920429676,1.1746275407837234,0.8971272934961697
2025-02-27,-0.8088840733696251,-0.8894099307560269,0.08052585738640183,255,254,1.0531620622227926,1.1641802867865978,0.8978497129411049
2025-02-28,-2.0627229434299035,-2.6898071918612554,0.6270842484313519,255,254,1.0314382467338234,1.132866081706381,0.9034799870655447
2025-03-01,0.0,0.0,0.0,255,254,1.0314382467338234,1.132866081706381,0.9034799870655447
2025-03-02,0.0,0.0,0.0,255,254,1.0314382467338234,1.132866081706381,0.9034799870655447
2025-03-03,0.0,0.0,0.0,255,254,1.0314382467338234,1.132866081706381,0.9034799870655447
2025-03-04,-1.4831725734885368,-1.1453081985160378,-0.337864374972499,255,254,1.0161402375457964,1.1198912735943904,0.9004274500542441
2025-03-05,1.2644249430522156,2.218703921078089,-0.9542789780258734,255,254,1.0289885681657154,1.1447383451934405,0.891834860186002
2025-03-06,-0.0868132292721971,-1.510166173723051,1.423352944450854,255,254,1.028095269960849,1.1274508939266923,0.9045288179280987
2025-03-07,-1.295898947145848,-0.7663915804782717,-0.5295073666675763,255,254,1.01477219418177,1.1188102052016111,0.8997392712035382
2025-03-08,0.0,0.0,0.0,255,254,1.01477219418177,1.1188102052016111,0.8997392712035382
2025-03-09,0.0,0.0,0.0,255,254,1.01477219418177,1.1188102052016111,0.8997392712035382
2025-03-10,0.1787417466370214,-0.07173243306167296,0.25047417969869434,255,254,1.0165860157260371,1.1180076554200777,0.9019928857625124
2025-03-11,-1.0033839129090603,-0.010159539761031715,-0.9932243731480286,255,254,1.0063857551833588,1.117894070987794,0.8930340725770578
2025-03-12,0.20028581101950207,2.030915901293379,-1.8306300902738768,255,254,1.0084014030551125,1.140597559435101,0.876685922128064
2025-03-13,-0.7767564351805993,-0.18392715743691102,-0.5928292777436883,255,254,1.0005685802644304,1.1384996907662372,0.8714886713078316
2025-03-14,0.7047500705748998,1.9166891255776701,-1.2119390550027704,255,254,1.0076200880399941,1.1603211905338893,0.8609267597403272
2025-03-15,0.0,0.0,0.0,255,254,1.0076200880399941,1.1603211905338893,0.8609267597403272
2025-03-16,0.0,0.0,0.0,255,254,1.0076200880399941,1.1603211905338893,0.8609267597403272
2025-03-17,0.09451236363686934,0.40834164882570906,-0.31382928518883974,255,254,1.0085724136016807,1.1650592652149894,0.8582249194442347
2025-03-18,0.21517224616632127,0.2833604445868387,-0.0681881984205174,256,254,1.0107425815182414,1.1683605823286027,0.8576397113332698
2025-03-19,-0.6975560080146012,0.08118927428457705,-0.7787452822991782,255,254,1.0036920859152991,1.1693091658064223,0.8509608825421376
2025-03-20,-1.397019257874504,-0.9543934262902373,-0.4426258315842667,255,254,0.9896703141853002,1.1581493559949567,0.8471943098593288
2025-03-21,-0.4772486715275812,-1.3474125026483628,0.8701638311207816,255,254,0.984947125758348,1.1425443067729393,0.8545662883230379
2025-03-22,0.0,0.0,0.0,255,254,0.984947125758348,1.1425443067729393,0.8545662883230379
2025-03-23,0.0,0.0,0.0,255,254,0.984947125758348,1.1425443067729393,0.8545662883230379
2025-03-24,-0.19530338858207297,0.29221177576543755,-0.4875151643475105,255,254,0.9830234906460003,1.1458829557806673,0.8504001480780615
2025-03-25,-1.7878113234826516,-0.41668874923414423,-1.3711225742485074,255,254,0.9654488853677367,1.1411081904245377,0.8387401196763205
2025-03-26,-0.7718104812126035,2.6046142258902236,-3.376424707102827,255,254,0.9579974496797182,1.1708296566851337,0.8104206910471853
2025-03-27,-0.8915139506959636,-0.5455918417912521,-0.34592210890471153,255,254,0.9494567687685119,1.1644417055969871,0.8076172667017146
2025-03-28,-1.6236301622882723,-1.7337486621209737,0.11011849983270139,255,254,0.9340411022928988,1.1442532131050207,0.8085066027201965
2025-03-29,0.0,0.0,0.0,255,254,0.9340411022928988,1.1442532131050207,0.8085066027201965
2025-03-30,0.0,0.0,0.0,255,254,0.9340411022928988,1.1442532131050207,0.8085066027201965
2025-03-31,-2.12928422762963,-2.730268889637471,0.600984662007841,255,254,0.9141527124221982,1.1130120236089371,0.8133656033938655
2025-04-01,2.321064904860726,2.9926195154665223,-0.6715546106057961,255,254,0.9353707902070623,1.146320238636947,0.8079034091831924
2025-04-02,0.4025501901006327,-1.5389594009944005,1.9415095910950333,255,254,0.9391361271011865,1.1286788355589423,0.8235889313592677
2025-04-03,-0.746381208591073,-0.5853274125174257,-0.16105379607364734,255,254,0.9321265915254133,1.1220723689351333,0.8222625101212712
2025-04-04,0.7618778550405073,0.9902025839515246,-0.2283247289110173,255,254,0.9392282576071894,1.1331831585261352,0.8203850814740998
2025-04-05,0.0,0.0,0.0,255,254,0.9392282576071894,1.1331831585261352,0.8203850814740998
2025-04-06,0.0,0.0,0.0,255,254,0.9392282576071894,1.1331831585261352,0.8203850814740998
2025-04-07,0.004518908036817493,-7.394577104193978,7.399096012230795,255,254,0.9392707004684064,1.0493890561371795,0.8810861613223863
2025-04-08,3.1092969588752477,1.267407353730896,1.8418896051443516,255,254,0.9684754157936769,1.0626890902039094,0.8973147957401487
2025-04-09,-3.3364287627650104,-2.055492025887715,-1.2809367368772953,255,254,0.9361629234608286,1.0408456006947893,0.8858207608760778
2025-04-10,2.9417987653850806,8.098746825531297,-5.156948060146217,255,254,0.9637029527851921,1.1251410507397406,0.8401394443317064
2025-04-11,-0.16936425505337108,2.3923001541538556,-2.5616644092072267,255,254,0.9620707844582801,1.1520578018310357,0.8186178911985497
2025-04-12,0.0,0.0,0.0,255,254,0.9620707844582801,1.1520578018310357,0.8186178911985497
2025-04-13,0.0,0.0,0.0,255,254,0.9620707844582801,1.1520578018310357,0.8186178911985497
2025-04-14,1.8419077331290798,2.366317856920754,-0.5244101237916741,255,254,0.9797912406353928,1.1793191513178123,0.8143249761019346
2025-04-15,-0.09853347274185453,1.5717081100772392,-1.6702415828190937,255,254,0.9788258183003742,1.1978546060627684,0.8007237817317984
2025-04-16,-1.2037989280521926,-2.295190950760438,1.0913920227082456,255,254,0.9670427235921762,1.1703615555411486,0.809462817209547
2025-04-17,0.7835848584662889,1.7368927408333024,-0.9533078823670135,255,254,0.9746203239491444,1.1906894804408465,0.8017461443682583
2025-04-18,2.006165051540631,0.8504984129578387,1.1556666385827925,255,254,0.9941728162734242,1.2008162755752518,0.8110116570848461
2025-04-19,0.0,0.0,0.0,255,254,0.9941728162734242,1.2008162755752518,0.8110116570848461
2025-04-20,0.0,0.0,0.0,255,254,0.9941728162734242,1.2008162755752518,0.8110116570848461
2025-04-21,1.1750364385244971,0.17783431512531633,0.9972021233991808,255,254,1.0058547091265422,1.2029517389748345,0.819099082550311
2025-04-22,-1.1539167186674772,-0.4996537124688709,-0.6542630061986063,255,254,0.9942479834724268,1.196941145951838,0.8137400202690722
2025-04-23,-1.6310394721215489,2.085537811107865,-3.7165772832294137,255,254,0.978031406411219,1.2219038061273715,0.7834967435312055
2025-04-24,-0.36695306623483415,0.2459515945683276,-0.6129046608031617,255,254,0.9744424901766534,1.224909098022633,0.7786946554728618
2025-04-25,-0.30074975100169465,0.12332762318807483,-0.4240773741897695,255,254,0.9715118568137924,1.2264197492994386,0.7753923876249764
2025-04-26,0.0,0.0,0.0,255,254,0.9715118568137924,1.2264197492994386,0.7753923876249764
2025-04-27,0.0,0.0,0.0,255,254,0.9715118568137924,1.2264197492994386,0.7753923876249764
2025-04-28,-0.7988770417223091,-2.8828777075629897,2.0840006658406804,255,223,0.9637506716320968,1.1910635677457353,0.791551570145959
2025-04-29,0.10149046618261759,0.4111932214195242,-0.3097027552369066,255,254,0.9647287866815744,1.1959611403991033,0.789100113124096
2025-04-30,-1.9839664744138952,0.4582736687487189,-2.442240143162614,255,223,0.9455888909847919,1.2014419153940192,0.7698283933916378
2025-05-01,0.0,0.0,0.0,255,254,0.9455888909847919,1.2014419153940192,0.7698283933916378
2025-05-02,0.1555279845529401,-1.4119431916194827,1.5674711761724227,255,254,0.9470595463290971,1.1844782380683507,0.781895231564043
2025-05-03,0.0,0.0,0.0,255,254,0.9470595463290971,1.1844782380683507,0.781895231564043
2025-05-04,0.0,0.0,0.0,255,254,0.9470595463290971,1.1844782380683507,0.781895231564043
2025-05-05,0.0,0.0,0.0,255,254,0.9470595463290971,1.1844782380683507,0.781895231564043
2025-05-06,0.0,0.0,0.0,255,254,0.9470595463290971,1.1844782380683507,0.781895231564043
2025-05-07,0.246842870628429,2.3845635813001462,-2.1377207106717173,255,254,0.9493972952998164,1.2127228747617542,0.7651804952631438
2025-05-08,0.03459508030036874,0.859030445814432,-0.8244353655140633,255,254,0.9497257400564949,1.2231405334793137,0.7588720766501788
2025-05-09,-0.8252542092414397,-0.44798609638356796,-0.3772681128578717,255,254,0.9418880884104293,1.2176610339500946,0.7560090942875952
2025-05-10,0.0,0.0,0.0,255,254,0.9418880884104293,1.2176610339500946,0.7560090942875952
2025-05-11,0.0,0.0,0.0,255,254,0.9418880884104293,1.2176610339500946,0.7560090942875952
2025-05-12,-0.4709918730411059,2.331878763481221,-2.802870636522327,255,254,0.9374518720608739,1.2460554130119628,0.7348191373743699
2025-05-13,0.018220866441007882,-0.39200131568068197,0.41022218212168987,255,254,0.9376226839144308,1.2411708593988455,0.7378335284743549
2025-05-14,1.5352098258714946,1.2360646422288781,0.29914518364261644,255,254,0.9520171594874852,1.2565125335415228,0.7400407219380863
2025-05-15,-0.8205331298469387,-0.5673537593420164,-0.25317937050492234,255,254,0.9442055432920626,1.2493836624458714,0.7381670914968035
2025-05-16,-0.3704162685398705,-1.5985971560454475,1.228180887505577,255,254,0.9407080523512535,1.2294110507499152,0.747233118632423
2025-05-17,0.0,0.0,0.0,255,254,0.9407080523512535,1.2294110507499152,0.747233118632423
2025-05-18,0.0,0.0,0.0,255,254,0.9407080523512535,1.2294110507499152,0.747233118632423
2025-05-19,-1.4875183293291738,-1.60623835018638,0.11872002085720612,255,254,0.9267148476470531,1.2096637789713407,0.7481202339467153
2025-05-20,1.2145348850856335,0.19538021302544373,1.0191546720601896,255,254,0.9379701227569948,1.2120272226395867,0.7557447362636109
2025-05-21,1.2034630345009873,0.6385247007613627,0.5649383337396247,255,254,0.9492582464590387,1.2197663158360923,0.7600142279839835
2025-05-22,-0.6685675240257214,-1.1679434672868716,0.4993759432611502,255,255,0.9429118141040775,1.205520134834119,0.7638095562038975
2025-05-23,-0.04927758677551636,-0.4672423410431709,0.41796475426765456,255,254,0.9424471699166658,1.199887434334373,0.7670020109385579
2025-05-24,0.0,0.0,0.0,255,254,0.9424471699166658,1.199887434334373,0.7670020109385579
2025-05-25,0.0,0.0,0.0,255,254,0.9424471699166658,1.199887434334373,0.7670020109385579
2025-05-26,1.1189360175364669,0.39738913012078286,0.7215468874156841,255,254,0.9529925507471165,1.204655656572103,0.7725362900749008
2025-05-27,-0.20730231616880396,-0.44902079064026224,0.24171847447145828,255,254,0.9510169751165016,1.1992465022184702,0.7744036530100081
2025-05-28,-1.246835132499361,2.175809989191269,-3.42264512169063,255,254,0.9391593613547164,1.2253398274087666,0.7478985641580671
2025-05-29,1.7978067280816614,1.5152828458855792,0.28252388219608227,255,254,0.9560436315405603,1.2439071916172957,0.7500115562164151
2025-05-30,-0.21299481013977353,-0.7318671827012119,0.5188723725614384,255,254,0.9540073082227071,1.2348034430985886,0.7539031589726402
2025-05-31,0.0,0.0,0.0,255,254,0.9540073082227071,1.2348034430985886,0.7539031589726402
2025-06-01,0.0,0.0,0.0,255,254,0.9540073082227071,1.2348034430985886,0.7539031589726402
2025-06-02,0.10183242847812955,0.5814469816475241,-0.4796145531693945,255,254,0.954978797032529,1.241983170447765,0.7502873297054036
2025-06-03,0.0,0.0,0.0,255,254,0.954978797032529,1.241983170447765,0.7502873297054036
2025-06-04,1.3985977832636758,0.7896008276842368,0.608996955579439,255,254,0.968335109318464,1.2517898798413196,0.7548565567014077
2025-06-05,0.4744849470686227,1.08293085157448,-0.6084459045058572,255,254,0.9729297136493607,1.2653458986470083,0.7502636628972641
2025-06-06,0.0,0.0,0.0,255,254,0.9729297136493607,1.2653458986470083,0.7502636628972641
2025-06-07,0.0,0.0,0.0,255,254,0.9729297136493607,1.2653458986470083,0.7502636628972641
2025-06-08,0.0,0.0,0.0,255,254,0.9729297136493607,1.2653458986470083,0.7502636628972641
2025-06-09,1.8290096018001398,0.6583007843220025,1.1707088174781375,255,254,0.9907246915307741,1.2736756806221878,0.7590470657531369
2025-06-10,-0.15076543646112225,0.48095808118942834,-0.6317235176505506,255,254,0.9892310211254597,1.2798015267362846,0.7542519869287378
2025-06-11,2.308873144946807,0.8606709115991499,1.4482022333476574,255,254,1.0120711105137086,1.2908164062031058,0.7651750810485088
2025-06-12,0.13191712668994868,0.3071176461893354,-0.17520051949938673,255,254,1.0134062056427573,1.2947807311664625,0.763834490331432
2025-06-13,-1.4836548493514914,-2.232138344987922,0.7484834956364308,255,254,0.9983707553291096,1.265879433982581,0.7695516654255414
2025-06-14,0.0,0.0,0.0,255,254,0.9983707553291096,1.265879433982581,0.7695516654255414
2025-06-15,0.0,0.0,0.0,255,254,0.9983707553291096,1.265879433982581,0.7695516654255414
2025-06-16,2.4723706154227076,0.3259451078817765,2.1464255075409313,255,254,1.0230541805168403,1.2700055060693287,0.7860695186659413
2025-06-17,-0.432584705853318,0.2503646520174212,-0.6829493578707392,255,254,1.0186286045993314,1.2731851509352012,0.7807010619357946
2025-06-18,1.3140065706359902,0.09479692329795339,1.219209647338037,255,254,1.0320134513941441,1.2743920912861741,0.7902194445997863
2025-06-19,0.6526136844571563,-0.27821087420346136,0.9308245586606176,255,254,1.0387485124033808,1.270846593908227,0.7975750012574327
2025-06-20,-0.2485494758514046,0.7870252804078961,-1.0355747562593007,255,254,1.036166708420388,1.2808484778774876,0.789315515882176
2025-06-21,0.0,0.0,0.0,255,254,1.036166708420388,1.2808484778774876,0.789315515882176
2025-06-22,0.0,0.0,0.0,255,254,1.036166708420388,1.2808484778774876,0.789315515882176
2025-06-23,0.9830798343990975,-1.9633973349309386,2.946477169330036,255,254,1.0463530543816257,1.2557003329983374,0.8125725173516238
2025-06-24,0.8157813059142077,1.959647216782432,-1.1438659108682243,255,254,1.0548890069931334,1.280307629625067,0.8032777773245549
2025-06-25,-0.9689649964878018,-0.16964635615516396,-0.7993186403326378,255,254,1.0446675017635723,1.2781356343838317,0.79685702831675
2025-06-26,-1.8561901265060412,-1.2060105465962339,-0.6501795799098073,255,254,1.0252764867410196,1.262721183833358,0.7916760266375584
2025-06-27,-0.0656927009427127,-0.5462999345135755,0.48060723357086277,255,254,1.0246029549247488,1.2558229388329873,0.7954808788880249
2025-06-28,0.0,0.0,0.0,255,254,1.0246029549247488,1.2558229388329873,0.7954808788880249
2025-06-29,0.0,0.0,0.0,255,254,1.0246029549247488,1.2558229388329873,0.7954808788880249
2025-06-30,0.0928925092653634,0.2589501355418465,-0.16605762627648307,255,254,1.0255547343195854,1.259074894035261,0.7941599222230601
2025-07-01,0.6966353337603227,0.6169828076263141,0.07965252613400864,255,254,1.0326991109659074,1.2668431696665978,0.7947924906626546
2025-07-02,-1.5092792270902848,0.2395579673936117,-1.7488371944838965,255,254,1.0171127978057528,1.269877993413916,0.7808928639669811
2025-07-03,-0.4626096019177267,1.9714475344001838,-2.4340571363179104,255,254,1.0124075363407694,1.2949129718049652,0.7618854854845954
2025-07-04,-2.134133053213087,-1.460052120315362,-0.6740809328977251,255,254,0.9908014124745008,1.2760065675038883,0.7567497606964285
2025-07-05,0.0,0.0,0.0,255,254,0.9908014124745008,1.2760065675038883,0.7567497606964285
2025-07-06,0.0,0.0,0.0,255,254,0.9908014124745008,1.2760065675038883,0.7567497606964285
2025-07-07,-0.6281459943240477,0.3864182909091156,-1.0145642852331633,255,254,0.9845777330903361,1.2809372902739249,0.749072047895815
2025-07-08,1.2074446826358018,1.0428099349617004,0.16463474767410147,255,254,0.9964659645749515,1.2942950315975306,0.7503052807717655
2025-07-09,0.8919102030072555,1.0380949446039212,-0.1461847415966656,255,254,1.00535354618249,1.3077310428888043,0.7492084489358831
2025-07-10,0.8486244709506321,0.5480130255888709,0.3006114453617612,255,254,1.0138852223949648,1.314897579343504,0.7514606552830017
2025-07-11,0.5633084505301353,0.22427364689647206,0.3390348036336633,255,254,1.019596523531392,1.3178465480976511,0.7540083684400246
2025-07-12,0.0,0.0,0.0,255,254,1.019596523531392,1.3178465480976511,0.7540083684400246
2025-07-13,0.0,0.0,0.0,255,254,1.019596523531392,1.3178465480976511,0.7540083684400246
2025-07-14,1.1404547514880037,-0.9216257254782358,2.0620804769662398,255,254,1.0312245605300123,1.3057009352880562,0.769556627800318
2025-07-15,0.1598743744487338,0.7935525978161833,-0.6336782233674494,255,254,1.0328732243453214,1.3160623589797449,0.7646801150334664
2025-07-16,0.006728248089120658,-0.27954611547942565,0.2862743635685463,255,254,1.0329427186183013,1.3123833577779302,0.7668691981661137
2025-07-17,-0.357677648675847,0.06423324995687743,-0.42191089863272446,255,254,1.029248113390179,1.3132263442605243,0.7636336934407935
2025-07-18,-1.194716967206017,0.039435322273222315,-1.2341522894792392,255,254,1.0169515115448586,1.3137442193015603,0.754209290729959
2025-07-19,0.0,0.0,0.0,255,254,1.0169515115448586,1.3137442193015603,0.754209290729959
2025-07-20,0.0,0.0,0.0,255,254,1.0169515115448586,1.3137442193015603,0.754209290729959
2025-07-21,-0.20351670593073035,0.5887064225315046,-0.792223128462235,255,254,1.0148818453276498,1.3214783158962249,0.7482342702917854
2025-07-22,-0.41939896170142354,-0.8202094403650941,0.4008104786636706,255,254,1.0106254414058493,1.3106394259968663,0.7512332716520674
2025-07-23,-1.1528236759504116,-0.47691292139662955,-0.675910754553782,255,254,0.9989747120421444,1.3043888172213687,0.7461556051771849
2025-07-24,-0.9205842992091694,-0.9302427594449408,0.009658460235771438,256,254,0.9897783076900144,1.2922548346941574,0.746227672319608
2025-07-25,-0.16707888597961,0.2142983883186732,-0.38137727429828316,255,254,0.9881245971198581,1.2950241159778773,0.743381729562856
2025-07-26,0.0,0.0,0.0,255,254,0.9881245971198581,1.2950241159778773,0.743381729562856
2025-07-27,0.0,0.0,0.0,255,254,0.9881245971198581,1.2950241159778773,0.743381729562856
2025-07-28,-0.9561150221322076,-0.38495969859352863,-0.5711553235386789,255,254,0.9786769894094118,1.2900387950442953,0.7391358652402439
2025-07-29,0.3028410843189254,0.3213453848525374,-0.01850430053361196,255,254,0.9816408254161192,1.2941842751749775,0.7389990933183881
2025-07-30,-0.02809826723140008,-0.41933604690062404,0.39123777966922396,255,255,0.9813650013537413,1.2887572939958494,0.7418903369628627
2025-07-31,-0.8014975825504275,0.9958781152839633,-1.7973756978343909,255,254,0.9734993845918951,1.3015917458458799,0.7285557803417105
2025-08-01,-3.26057318318265,-3.6484849525162835,0.3879117693336336,255,254,0.9417577247194436,1.254103366855499,0.7313819339598165
2025-08-02,0.0,0.0,0.0,255,254,0.9417577247194436,1.254103366855499,0.7313819339598165
2025-08-03,0.0,0.0,0.0,255,254,0.9417577247194436,1.254103366855499,0.7313819339598165
2025-08-04,0.8389792362032911,1.3205620909842894,-0.4815828547809984,255,254,0.9496588764851802,1.2706645804999503,0.7278597239629004
2025-08-05,1.3590114547837713,1.2501249811546986,0.10888647362907267,255,254,0.9625648493979846,1.2865494758474647,0.72865226474929
2025-08-06,-0.037325501321746474,1.3611803285021533,-1.3985058298238997,255,254,0.9622055672423998,1.3040617342291478,0.7184620203476273
2025-08-07,0.8801728633176853,-0.16761724571723186,1.047790109034917,255,254,0.9706746395345995,1.3018759018677806,0.7259899943340021
2025-08-08,0.43694953062336517,-0.1771708846614676,0.6141204152848327,255,254,0.974915997815926,1.2995693568152469,0.7304484471021324
2025-08-09,0.0,0.0,0.0,255,254,0.974915997815926,1.2995693568152469,0.7304484471021324
2025-08-10,0.0,0.0,0.0,255,254,0.974915997815926,1.2995693568152469,0.7304484471021324
2025-08-11,0.7334365916486691,-0.3533022320440323,1.0867388236927016,255,254,0.9820663884817447,1.2949779492706583,0.7383865139638517
2025-08-12,-0.10774014303993457,0.12027757011747944,-0.228017713157414,255,255,0.9810083087500473,1.2965355172815982,0.7367028619204485
2025-08-13,-0.3580395892341453,0.36146183860428643,-0.7195014278384317,255,254,0.9774959106310458,1.3012219984005218,0.7314022743100044
2025-08-14,-0.16822023974133196,0.34265075846683885,-0.5108709982081708,255,254,0.9758515646667205,1.3056806454473786,0.7276657522103196
2025-08-15,0.0,0.0,0.0,255,254,0.9758515646667205,1.3056806454473786,0.7276657522103196
2025-08-16,0.0,0.0,0.0,255,254,0.9758515646667205,1.3056806454473786,0.7276657522103196
2025-08-17,0.0,0.0,0.0,255,254,0.9758515646667205,1.3056806454473786,0.7276657522103196
2025-08-18,-1.146241280680955,-1.0355388391636478,-0.11070244151730724,255,254,0.9646659511943395,1.2921598152483282,0.7268602084565375
2025-08-19,-1.203410119076566,-1.2461342729115108,0.04272415383494477,255,254,0.9530570635223806,1.2760577689297288,0.7271707533301636
2025-08-20,-0.6769650253911127,-1.1828948310169036,0.5059298056257909,255,254,0.9466052005303146,1.2609633475402695,0.7308497269090544
2025-08-21,0.1342650756623271,0.704244655187491,-0.5699795795251639,255,254,0.9478761607190301,1.269843614519195,0.7266840327086573
2025-08-22,0.14529417927728738,0.7007087662327468,-0.5554145869554594,255,254,0.9492533696073119,1.2787415200435777,0.7226479235899173
2025-08-23,0.0,0.0,0.0,255,254,0.9492533696073119,1.2787415200435777,0.7226479235899173
2025-08-24,0.0,0.0,0.0,255,254,0.9492533696073119,1.2787415200435777,0.7226479235899173
2025-08-25,0.9760964227735939,1.483966192163256,-0.5078697693896622,255,254,0.9585189977911066,1.297717611886179,0.718977813246882
2025-08-26,-0.21243790648504823,0.10287988994415626,-0.3153177964292045,255,254,0.9564827400989376,1.2990527023370735,0.7167107482493371
2025-08-27,-0.02273513753866314,0.3417269808942065,-0.36446211843286963,255,254,0.9562652824324426,1.3034919159169946,0.7140986090732315
2025-08-28,-0.2275965013044267,0.4606047616618949,-0.6882012629663217,255,254,0.9540888561064375,1.3094958617495862,0.7091841734267645
2025-08-29,0.6568609766163963,-0.5162488240386441,1.1731098006550404,255,254,0.9603558934844464,1.3027356047624692,0.7175036824699283
2025-08-30,0.0,0.0,0.0,255,254,0.9603558934844464,1.3027356047624692,0.7175036824699283
2025-08-31,0.0,0.0,0.0,255,254,0.9603558934844464,1.3027356047624692,0.7175036824699283
2025-09-01,-0.6828541128633898,-1.694966293672576,1.0121121808091862,255,254,0.953798063767662,1.2806546753660737,0.724765624637961
2025-09-02,0.5370539646769789,0.6641087514040811,-0.12705478672710224,255,254,0.9589204740841385,1.2891596151404452,0.7238447752193059
2025-09-03,-0.03484400779604164,0.7612811338423284,-0.7961251416383701,255,254,0.9585863477593908,1.2989737440756237,0.7180820649773493
2025-09-04,0.6435470380284292,0.8944830819110321,-0.25093604388260293,255,254,0.9647553018073411,1.3105928444548465,0.7162801382516646
2025-09-05,0.8470655919665911,0.25374662286645855,0.5933189691001326,255,254,0.9729274120156246,1.3139184295371802,0.7205299641838083
2025-09-06,0.0,0.0,0.0,255,254,0.9729274120156246,1.3139184295371802,0.7205299641838083
2025-09-07,0.0,0.0,0.0,255,254,0.9729274120156246,1.3139184295371802,0.7205299641838083
2025-09-08,1.6082499506202228,0.3791099335242449,1.2291400170959779,255,254,0.9885745166389366,1.3188996248219613,0.7293862863087588
2025-09-09,0.7975090543898058,0.4522562010004975,0.3452528533893083,255,254,0.9964584879185223,1.3248644301601908,0.7319045132744701
2025-09-10,1.5392806391699883,1.0383488893480677,0.5009317498219206,255,254,1.0117967805004182,1.3386211452561267,0.7355708553598417
2025-09-11,1.1978623972873699,-0.16958678310941064,1.3674491803967805,255,254,1.0239167136709968,1.3363510207178646,0.7456294129926974
2025-09-12,0.5784114786727254,0.9482684354674245,-0.3698569567946991,255,254,1.0298391654749184,1.3490232156343789,0.7428716507368364
2025-09-13,0.0,0.0,0.0,255,254,1.0298391654749184,1.3490232156343789,0.7428716507368364
2025-09-14,0.0,0.0,0.0,255,254,1.0298391654749184,1.3490232156343789,0.7428716507368364
2025-09-15,1.077702938110906,-0.5917151208440072,1.6694180589549132,255,254,1.0409377724190585,1.3410408412837742,0.7552732842290936
2025-09-16,-0.25930615331257917,0.39778623480098035,-0.6570923881135595,255,254,1.038238556723021,1.3463753171534603,0.7503104409689689
2025-09-17,-0.3555605894742886,-0.13595719740803738,-0.2196033920662512,255,254,1.0345469895905872,1.344544823005665,0.7486627337895738
2025-09-18,1.776039285211984,0.6357483260903111,1.140290959121673,255,254,1.0529209505496941,1.3530927442114573,0.7571996672572895
2025-09-19,0.08356551657704711,-0.4379454498933438,0.5215109664703909,255,254,1.053800829381169,1.3471669361053462,0.7611485465601135
2025-09-20,0.0,0.0,0.0,255,254,1.053800829381169,1.3471669361053462,0.7611485465601135
2025-09-21,0.0,0.0,0.0,255,254,1.053800829381169,1.3471669361053462,0.7611485465601135
2025-09-22,1.0872888410198323,0.028310091268363903,1.0589787497514684,255,254,1.0652586882056048,1.3475483202944947,0.7692089479222274
2025-09-23,0.002170280138790415,-0.5031970824030829,0.5053673625418733,255,254,1.0652818073033414,1.340767496462801,0.773096278894778
2025-09-24,0.19774748649323629,-0.7075991792178973,0.9053466657111335,255,254,1.0673883753013536,1.3312802366626098,0.7800954802784889
2025-09-25,-0.9430150873771501,-0.22405405816703164,-0.7189610292101185,255,254,1.057322741881352,1.3282974492667914,0.774486897784657
2025-09-26,-2.4238464484196,-1.4064537555450354,-1.0173926928745645,255,254,1.0316948621539281,1.3096155599067698,0.766607324679325
2025-09-27,0.0,0.0,0.0,255,254,1.0316948621539281,1.3096155599067698,0.766607324679325
2025-09-28,0.0,0.0,0.0,255,254,1.0316948621539281,1.3096155599067698,0.766607324679325
2025-09-29,1.7884409732416346,0.970864296936058,0.8175766763055766,255,254,1.0501461157875178,1.3223301498050237,0.7728749273647534
2025-09-30,-0.8158434195588734,-0.18057552494773332,-0.6352678946111401,255,254,1.0415785678061122,1.319942345195471,0.7679651010857059
2025-10-01,0.7707913248647668,0.020519400113430283,0.7502719247513365,255,254,1.0496069650484126,1.3202131894465483,0.7737269276310402
2025-10-02,1.8348972903639729,1.0473438619292597,0.7875534284347132,255,254,1.0688661748095574,1.3340403612505973,0.779820440576321
2025-10-03,0.0,0.0,0.0,255,254,1.0688661748095574,1.3340403612505973,0.779820440576321
2025-10-04,0.0,0.0,0.0,255,254,1.0688661748095574,1.3340403612505973,0.779820440576321
2025-10-05,0.0,0.0,0.0,255,254,1.0688661748095574,1.3340403612505973,0.779820440576321
2025-10-06,0.0,0.0,0.0,255,254,1.0688661748095574,1.3340403612505973,0.779820440576321
2025-10-07,0.0,0.0,0.0,255,254,1.0688661748095574,1.3340403612505973,0.779820440576321
2025-10-08,0.0,0.0,0.0,255,254,1.0688661748095574,1.3340403612505973,0.779820440576321
2025-10-09,0.0,0.0,0.0,255,254,1.0688661748095574,1.3340403612505973,0.779820440576321
2025-10-10,0.9999199553401666,-0.10931294747647628,1.109232902816643,255,254,1.0795539809873593,1.3325820824111885,0.7884704654860832
2025-10-11,0.0,0.0,0.0,255,254,1.0795539809873593,1.3325820824111885,0.7884704654860832
2025-10-12,0.0,0.0,0.0,255,254,1.0795539809873593,1.3325820824111885,0.7884704654860832
2025-10-13,0.21464845458925302,0.04523895507300214,0.1694094995162509,255,254,1.0818712269240054,1.3331849286207613,0.7898062093554966
2025-10-14,-2.270456271628989,-1.0247799771595374,-1.2456762944694515,255,254,1.0573078138013599,1.319522716413747,0.7799677806333074
2025-10-15,2.7458597555171087,1.5240445165722938,1.221815238944815,255,254,1.086340003552469,1.3396328300181766,0.7894975458359449
2025-10-16,-0.3579107029535127,-0.44955801710915155,0.09164731415563887,255,254,1.0824518764092892,1.3336104032310037,0.7902210991320281
2025-10-17,-1.3534152609704824,-1.5817721408542182,0.22835687988373587,255,254,1.0678018075213045,1.312515725405162,0.7920256233781889
2025-10-18,0.0,0.0,0.0,255,254,1.0678018075213045,1.312515725405162,0.7920256233781889
2025-10-19,0.0,0.0,0.0,255,254,1.0678018075213045,1.312515725405162,0.7920256233781889
2025-10-20,1.459335846752646,1.4632613132036636,-0.003925466451017545,255,254,1.0833846220707355,1.3317212602447304,0.7919945326780597
2025-10-21,-0.38122299665901554,-0.054982838223839675,-0.32624015843517584,255,254,1.0792545107491345,1.3309890420986175,0.7894107284598529
2025-10-22,1.0997409461316885,0.8431365386454333,0.25660440748625524,255,254,1.0911235145168159,1.3422110970379177,0.7914363911822502
2025-10-23,-1.3985614174241179,0.0802043318761034,-1.4787657493002213,255,254,1.0758634820263417,1.343287608480664,0.7797329009019494
2025-10-24,2.138337858992715,-0.000765568598271171,2.139103427590986,255,254,1.0988690781735884,1.343277324692549,0.7964121941111976
2025-10-25,0.0,0.0,0.0,255,254,1.0988690781735884,1.343277324692549,0.7964121941111976
2025-10-26,0.0,0.0,0.0,255,254,1.0988690781735884,1.343277324692549,0.7964121941111976
2025-10-27,0.7772703373497052,1.4796347225393984,-0.7023643851896932,255,254,1.1074102615645398,1.3631529224086982,0.7908184785004527
2025-10-28,0.4222371744402772,0.15293845210462503,0.26929872233565216,255,254,1.1120861593624316,1.365237707388049,0.7929481425590487
2025-10-29,0.6543100753958316,-0.4830682567975948,1.1373783321934265,255,254,1.1193626511502224,1.3586426773938263,0.8019669629180456
2025-10-30,-2.4086810198436126,-1.7500651401064486,-0.658615879737164,255,254,1.0924007754287486,1.334865545518148,0.7966850811500215
2025-10-31,-0.417448020096381,1.0830484523835868,-1.5004964724799679,255,254,1.0878405700202038,1.349322786150284,0.7847308496105911
2025-11-01,0.0,0.0,0.0,255,254,1.0878405700202038,1.349322786150284,0.7847308496105911
2025-11-02,0.0,0.0,0.0,255,254,1.0878405700202038,1.349322786150284,0.7847308496105911
2025-11-03,1.8788878972136422,-0.5523607263857736,2.4312486235994157,255,254,1.1082798748312934,1.3418696570074156,0.8038096075907087
2025-11-04,-0.08009686769809334,0.2323766486406021,-0.3124735163386954,255,254,1.1073921773662252,1.3449878487454945,0.8012979154452018
2025-11-05,-2.0840158730077882,-1.3307704399925355,-0.7532454330152527,255,254,1.0843139486134665,1.327089148032898,0.7952621754922644
2025-11-06,-0.6669701882068858,0.9994031151996455,-1.6663733034065313,255,254,1.0770818978296457,1.340352118319815,0.7820101389077713
2025-11-07,-2.5214969802938225,-1.607046149518009,-0.9144508307758135,255,254,1.0499233103005798,1.3188120412123734,0.774859040695778
2025-11-08,0.0,0.0,0.0,255,254,1.0499233103005798,1.3188120412123734,0.774859040695778
2025-11-09,0.0,0.0,0.0,255,254,1.0499233103005798,1.3188120412123734,0.774859040695778
2025-11-10,1.3116278371875068,2.2242006683331663,-0.9125728311456596,255,254,1.0636943967076027,1.3481450674470774,0.7677878876107125
2025-11-11,0.22802909298662635,-0.6215311927371018,0.8495602857237281,255,254,1.0661199293925645,1.339765925329547,0.7743107085824503
2025-11-12,2.0662538011216762,1.6962060801342798,0.37004772098739647,255,254,1.0881486729581542,1.3624911164145541,0.7771760277129209
2025-11-13,-0.11980640958919342,0.6131966129612108,-0.7330030225504042,255,254,1.0868450011020905,1.3708458657923057,0.771479303939248
2025-11-14,-2.1157087413427367,-1.865595648578649,-0.2501130927640878,255,254,1.063850526408927,1.3452714249713642,0.7695497331921307
